"irn","CatSightingsEventsRef_tab(1).irn"
3960385,3195258
3960386,3195268
3960387,3195253
3960388,3195252
3960389,3195264
3960392,3195248
3960393,3195261
3960394,3195264
3960395,3195263
3960396,3195253
3960397,3195247
3960398,3195237
3960399,3195259
3960400,3195246
3960401,3195236
3960402,3195265
3960403,3195255
3960404,3195267
3960405,3195256
3960406,3195255
3960407,3195253
3960408,3195241
3960409,3195245
3960410,3195257
3960411,3195254
3960412,3195266
3960413,3195263
3960414,3195238
3960415,3195249
3960416,3195247
3960417,3195232
3960418,3195266
3960419,3195256
3960420,3195263
3960421,3195263
3960422,3195234
3960423,3195264
3960424,3195235
3960425,3195231
3960426,3195240
3960427,3195243
3960428,3195243
3960429,3195265
3960430,3195265
3960431,3195269
3960432,3195260
3960433,3195236
3960434,3195243
3960435,3195253
3960436,3195247
3960437,3195262
3960438,3195251
3960439,3195269
3960440,3195260
3960441,3195251
3960442,3195235
3960443,3195236
3960444,3195242
3960445,3195229
3960446,3195250
3960447,3195236
3960448,3195264
3960449,3195270
3960450,3195238
3960451,3195233
3960452,3195244
3960453,3195230
3960454,3195238
3960455,3195263
3960456,3195239
