MMirn,CAtGroup
1821345,1
1821346,1
1821347,1
1821348,2
1821349,3
1821350,3
1821351,4
1821353,6
1821354,7
1821355,7
1821356,7
1821357,8
1821411,48
1821412,49
1821413,50
1821414,51
1821415,52
1821416,52
1821417,53
1821418,54
1821419,54
1821420,54
1821421,55
1821422,56
1821423,57
1821424,58
1821425,59
1821426,60
1821427,61
1821428,61
1821429,62
1821430,62
1821431,63
1821432,64
1821433,64
1821434,65
1821435,66
1821436,67
1821437,68
1821438,69
1821439,70
1821440,70
1821441,70
1821442,70
1821352,5
1821358,9
1821359,9
1821360,10
1821361,11
1821362,12
1821363,12
1821364,12
1821365,13
1821366,14
1821367,15
1821368,15
1821369,16
1821370,17
1821371,18
1821372,18
1821373,19
1821374,19
1821375,20
1821376,21
1821377,21
1821378,22
1821379,23
1821380,24
1821381,25
1821383,26
1821384,27
1821382,26
1821385,28
1821386,29
1821387,31
1821388,30
1821389,32
1821390,32
1821391,33
1821392,34
1821393,35
1821394,36
1821395,37
1821396,38
1821397,38
1821398,39
1821399,40
1821400,41
1821401,42
1821402,43
1821403,43
1821404,43
1821405,44
1821406,45
1821407,45
1821408,46
1821409,47
1821410,48
